sample_size,predictors,q_75,q_90,q_95,q_99
20,1,2.294768473736485,2.549316576620377,2.698944751671739,2.962579703644657
50,1,2.1919648793298663,2.3596385955893346,2.454456788375509,2.6348732987252634
100,1,2.136215445867999,2.2565799208688864,2.3306645287299808,2.4555751888841075
200,1,2.093794550394698,2.1811947605375543,2.2305235649813766,2.322321745261233
500,1,2.060961582335356,2.114484737136452,2.1465224308527104,2.2129025798687523
